station_id,street_name,station_lat,station_lon,borough
237,E 11 St & 2 Ave,40.73047309,-73.98672378,Manhattan
281,Grand Army Plaza & Central Park S,40.7643971,-73.97371465,Manhattan
301,E 2 St & Avenue B,40.72217444,-73.98368779,Manhattan
307,Canal St & Rutgers St,40.71427487,-73.98990025,Manhattan
337,Old Slip & Front St,40.7037992,-74.00838676,Manhattan
350,Clinton St & Grand St,40.71559509,-73.9870295,Manhattan
358,Christopher St & Greenwich St,40.73291553,-74.00711384,Manhattan
359,E 47 St & Park Ave,40.75510267,-73.97498696,Manhattan
368,Carmine St & 6 Ave,40.73038599,-74.00214988,Manhattan
377,6 Ave & Canal St,40.72243797,-74.00566443,Manhattan
402,Broadway & E 22 St,40.7403432,-73.98955109,Manhattan
426,West St & Chambers St,40.71754834,-74.01322069,Manhattan
432,E 7 St & Avenue A,40.72621788,-73.98379855,Manhattan
434,9 Ave & W 18 St,40.74317449,-74.00366443,Manhattan
438,St Marks Pl & 1 Ave,40.72779126,-73.98564945,Manhattan
439,E 4 St & 2 Ave,40.7262807,-73.98978041,Manhattan
487,E 20 St & FDR Drive,40.73314259,-73.97573881,Manhattan
491,E 24 St & Park Ave S,40.74096374,-73.98602213,Manhattan
501,FDR Drive & E 35 St,40.744219,-73.97121214,Manhattan
520,W 52 St & 5 Ave,40.75992262,-73.97648516,Manhattan
3092,Berry St & N 8 St,40.7190095,-73.95852515,Brooklyn
3132,E 59 St & Madison Ave,40.76350532,-73.97109243,Manhattan
3233,E 48 St & 5 Ave,40.75724567911726,-73.97805914282799,Manhattan
3459,E 53 St & 3 Ave,40.75763227739443,-73.96930575370789,Manhattan
3467,W Broadway & Spring Street,40.72494672359416,-74.00165855884552,Manhattan
72,W 52 St & 11 Ave,40.76727216,-73.99392888,Manhattan
79,Franklin St & W Broadway,40.71911552,-74.00666661,Manhattan
82,St James Pl & Pearl St,40.71117416,-74.00016545,Manhattan
83,Atlantic Ave & Fort Greene Pl,40.68382604,-73.97632328,Brooklyn
116,W 17 St & 8 Ave,40.74177603,-74.00149746,Manhattan
119,Park Ave & St Edwards St,40.69608941,-73.97803415,Brooklyn
120,Lexington Ave & Classon Ave,40.68676793,-73.95928168,Brooklyn
127,Barrow St & Hudson St,40.73172428,-74.00674436,Manhattan
128,MacDougal St & Prince St,40.72710258,-74.00297088,Manhattan
143,Clinton St & Joralemon St,40.69239502,-73.99337909,Brooklyn
144,Nassau St & Navy St,40.69839895,-73.98068914,Brooklyn
146,Hudson St & Reade St,40.71625008,-74.0091059,Manhattan
150,E 2 St & Avenue C,40.7208736,-73.98085795,Manhattan
151,Cleveland Pl & Spring St,40.722103786686034,-73.99724900722504,Manhattan
157,Henry St & Atlantic Ave,40.69089272,-73.99612349,Brooklyn
161,LaGuardia Pl & W 3 St,40.72917025,-73.99810231,Manhattan
164,E 47 St & 2 Ave,40.75323098,-73.97032517,Manhattan
167,E 39 St & 3 Ave,40.7489006,-73.97604882,Manhattan
168,W 18 St & 6 Ave,40.73971301,-73.99456405,Manhattan
173,Broadway & W 49 St,40.76068327096592,-73.9845272898674,Manhattan
174,E 25 St & 1 Ave,40.7381765,-73.97738662,Manhattan
195,Liberty St & Broadway,40.70905623,-74.01043382,Manhattan
212,W 16 St & The High Line,40.74334935,-74.00681753,Manhattan
216,Columbia Heights & Cranberry St,40.70037867,-73.99548059,Brooklyn
217,Old Fulton St,40.70277159,-73.99383605,Brooklyn
223,W 13 St & 7 Ave,40.73781509,-73.99994661,Manhattan
224,Spruce St & Nassau St,40.71146364,-74.00552427,Manhattan
228,E 48 St & 3 Ave,40.7546011026,-73.971878855,Manhattan
229,Great Jones St,40.72743423,-73.99379025,Manhattan
236,St Marks Pl & 2 Ave,40.7284186,-73.98713956,Manhattan
238,Bank St & Washington St,40.7361967,-74.00859207,Manhattan
239,Willoughby St & Fleet St,40.69196566,-73.9813018,Brooklyn
241,DeKalb Ave & S Portland Ave,40.68981035,-73.97493121,Brooklyn
242,Carlton Ave & Flushing Ave,40.697787,-73.973736,Brooklyn
243,Fulton St & Rockwell Pl,40.68841,-73.979458,Brooklyn
244,Willoughby Ave & Hall St,40.69196035,-73.96536851,Brooklyn
245,Myrtle Ave & St Edwards St,40.69327018,-73.97703874,Brooklyn
247,Perry St & Bleecker St,40.73535398,-74.00483091,Manhattan
248,Laight St & Hudson St,40.72185379,-74.00771779,Manhattan
249,Harrison St & Hudson St,40.71870987,-74.0090009,Manhattan
250,Lafayette St & Jersey St,40.72456089,-73.99565293,Manhattan
251,Mott St & Prince St,40.72317958,-73.99480012,Manhattan
252,MacDougal St & Washington Sq,40.73226398,-73.99852205,Manhattan
254,W 11 St & 6 Ave,40.73532427,-73.99800419,Manhattan
257,Lispenard St & Broadway,40.71939226,-74.00247214,Manhattan
258,DeKalb Ave & Vanderbilt Ave,40.68940747,-73.96885458,Brooklyn
259,South St & Whitehall St,40.70122128,-74.01234218,Manhattan
260,Broad St & Bridge St,40.70365182,-74.01167797,Manhattan
261,Johnson St & Gold St,40.69474881,-73.98362464,Brooklyn
262,Washington Park,40.6917823,-73.9737299,Brooklyn
264,Maiden Ln & Pearl St,40.70706456,-74.00731853,Manhattan
265,Stanton St & Chrystie St,40.72229346,-73.99147535,Manhattan
266,Avenue D & E 8 St,40.72368361,-73.97574813,Manhattan
267,Broadway & W 36 St,40.75097711,-73.98765428,Manhattan
268,Howard St & Centre St,40.71910537,-73.99973337,Manhattan
270,Adelphi St & Myrtle Ave,40.69308257,-73.97178913,Brooklyn
274,Lafayette Ave & Fort Greene Pl,40.68691865,-73.976682,Brooklyn
275,Washington Ave & Greene Ave,40.68650065,-73.96563307,Brooklyn
276,Duane St & Greenwich St,40.71748752,-74.0104554,Manhattan
278,Concord St & Bridge St,40.69766564,-73.98476437,Brooklyn
279,Peck Slip & Front St,40.707873,-74.00167,Manhattan
280,E 10 St & 5 Ave,40.73331967,-73.99510132,Manhattan
282,Kent Ave & S 11 St,40.707644944175705,-73.96841526031494,Brooklyn
284,Greenwich Ave & 8 Ave,40.7390169121,-74.0026376103,Manhattan
285,Broadway & E 14 St,40.73454567,-73.99074142,Manhattan
289,Monroe St & Classon Ave,40.6845683,-73.95881081,Brooklyn
291,Madison St & Montgomery St,40.713126,-73.984844,Manhattan
293,Lafayette St & E 8 St,40.73020660529954,-73.99102628231049,Manhattan
295,Pike St & E Broadway,40.71406667,-73.99293911,Manhattan
296,Division St & Bowery,40.71413089,-73.9970468,Manhattan
297,E 15 St & 3 Ave,40.734232,-73.986923,Manhattan
298,3 Ave & Schermerhorn St,40.68683208,-73.9796772,Brooklyn
302,Avenue D & E 3 St,40.72082834,-73.97793172,Manhattan
303,Mercer St & Spring St,40.72362738,-73.99949601,Manhattan
304,Broadway & Battery Pl,40.70463334,-74.01361706,Manhattan
305,E 58 St & 3 Ave,40.76095756,-73.96724467,Manhattan
308,St James Pl & Oliver St,40.71307916,-73.99851193,Manhattan
309,Murray St & West St,40.7149787,-74.013012,Manhattan
310,State St & Smith St,40.68926942,-73.98912867,Brooklyn
311,Norfolk St & Broome St,40.7172274,-73.98802084,Manhattan
312,Allen St & Stanton St,40.722055,-73.989111,Manhattan
313,Washington Ave & Park Ave,40.69610226,-73.96751037,Brooklyn
314,Cadman Plaza West & Montague St,40.69383,-73.990539,Brooklyn
315,South St & Gouverneur Ln,40.70355377,-74.00670227,Manhattan
316,Fulton St & William St,40.70955958,-74.00653609,Manhattan
317,E 6 St & Avenue B,40.72453734,-73.98185424,Manhattan
319,Fulton St & Broadway,40.711066,-74.009447,Manhattan
320,Leonard St & Church St,40.717571,-74.005549,Manhattan
321,Cadman Plaza E & Red Cross Pl,40.69991755,-73.98971773,Brooklyn
323,Lawrence St & Willoughby St,40.69236178,-73.98631746,Brooklyn
324,DeKalb Ave & Hudson Ave,40.689888,-73.981013,Brooklyn
325,E 19 St & 3 Ave,40.73624527,-73.98473765,Manhattan
326,E 11 St & 1 Ave,40.72953837,-73.98426726,Manhattan
327,Vesey Pl & River Terrace,40.7153379,-74.01658354,Manhattan
328,Watts St & Greenwich St,40.72405549,-74.00965965,Manhattan
330,Reade St & Broadway,40.71450451,-74.00562789,Manhattan
331,Pike St & Monroe St,40.71173107,-73.99193043,Manhattan
332,Cherry St,40.71219906,-73.97948148,Manhattan
334,W 20 St & 7 Ave,40.74238787,-73.99726235,Manhattan
335,Washington Pl & Broadway,40.72903917,-73.99404649,Manhattan
336,Sullivan St & Washington Sq,40.73047747,-73.99906065,Manhattan
339,Avenue D & E 12 St,40.72580614,-73.97422494,Manhattan
340,Madison St & Clinton St,40.71269042,-73.98776323,Manhattan
341,Stanton St & Mangin St,40.71782143,-73.97628939,Manhattan
342,Columbia St & Rivington St,40.71739973,-73.98016555,Manhattan
343,Clinton Ave & Flushing Ave,40.69794,-73.96986848,Brooklyn
344,Monroe St & Bedford Ave,40.6851443,-73.95380904,Brooklyn
346,Bank St & Hudson St,40.73652889,-74.00618026,Manhattan
347,Greenwich St & W Houston St,40.728846,-74.008591,Manhattan
349,Rivington St & Ridge St,40.71850211,-73.98329859,Manhattan
351,Front St & Maiden Ln,40.70530954,-74.00612572,Manhattan
353,S Portland Ave & Hanson Pl,40.68539567,-73.97431458,Brooklyn
354,Emerson Pl & Myrtle Ave,40.69363137,-73.96223558,Brooklyn
355,Bayard St & Baxter St,40.71602118,-73.99974372,Manhattan
356,Bialystoker Pl & Delancey St,40.71622644,-73.98261206,Manhattan
360,William St & Pine St,40.70717936,-74.00887308,Manhattan
361,Allen St & Hester St,40.71605866,-73.99190759,Manhattan
362,Broadway & W 37 St,40.75172632,-73.98753523,Manhattan
363,West Thames St,40.70834698,-74.01713445,Manhattan
364,Lafayette Ave & Classon Ave,40.68900443,-73.96023854,Brooklyn
366,Clinton Ave & Myrtle Ave,40.693261,-73.968896,Brooklyn
369,Washington Pl & 6 Ave,40.73224119,-74.00026394,Manhattan
372,Franklin Ave & Myrtle Ave,40.694546087246025,-73.95801365375519,Brooklyn
373,Willoughby Ave & Walworth St,40.69331716,-73.95381995,Brooklyn
376,John St & William St,40.70862144,-74.00722156,Manhattan
379,W 31 St & 7 Ave,40.749156,-73.9916,Manhattan
380,W 4 St & 7 Ave S,40.73401143,-74.00293877,Manhattan
383,Greenwich Ave & Charles St,40.735238,-74.000271,Manhattan
385,E 55 St & 2 Ave,40.75797322,-73.96603308,Manhattan
386,Centre St & Worth St,40.71494807,-74.00234482,Manhattan
387,Centre St & Chambers St,40.71273266,-74.0046073,Manhattan
388,W 26 St & 10 Ave,40.749717753,-74.002950346,Manhattan
389,Broadway & Berry St,40.71044554,-73.96525063,Brooklyn
390,Duffield St & Willoughby St,40.69221589,-73.9842844,Brooklyn
391,Clark St & Henry St,40.69760127,-73.99344559,Brooklyn
392,Jay St & Tech Pl,40.695065,-73.987167,Brooklyn
393,E 5 St & Avenue C,40.72299208,-73.97995466,Manhattan
394,E 9 St & Avenue C,40.72521311,-73.97768752,Manhattan
396,Lefferts Pl & Franklin Ave,40.680342423,-73.9557689392,Brooklyn
397,Fulton St & Clermont Ave,40.68415748,-73.96922273,Brooklyn
398,Atlantic Ave & Furman St,40.69165183,-73.9999786,Brooklyn
399,Lafayette Ave & St James Pl,40.68851534,-73.9647628,Brooklyn
400,Pitt St & Stanton St,40.71926081,-73.98178024,Manhattan
401,Allen St & Rivington St,40.72019576,-73.98997825,Manhattan
403,E 2 St & 2 Ave,40.72502876,-73.99069656,Manhattan
405,Washington St & Gansevoort St,40.739323,-74.008119,Manhattan
406,Hicks St & Montague St,40.69512845,-73.99595065,Brooklyn
408,Market St & Cherry St,40.71076228,-73.99400398,Manhattan
410,Suffolk St & Stanton St,40.72066442,-73.98517977,Manhattan
411,E 6 St & Avenue D,40.72228087,-73.97668709,Manhattan
412,Forsyth St & Canal St,40.7158155,-73.99422366,Manhattan
415,Pearl St & Hanover Square,40.7047177,-74.00926027,Manhattan
416,Cumberland St & Lafayette Ave,40.68753406,-73.97265183,Brooklyn
417,Barclay St & Church St,40.71291224,-74.01020234,Manhattan
418,Front St & Gold St,40.70224,-73.982578,Brooklyn
419,Carlton Ave & Park Ave,40.69580705,-73.97355569,Brooklyn
420,Clermont Ave & Lafayette Ave,40.68764484,-73.96968902,Brooklyn
421,Clermont Ave & Park Ave,40.69573398,-73.97129668,Brooklyn
422,W 59 St & 10 Ave,40.770513,-73.988038,Manhattan
423,W 54 St & 9 Ave,40.76584941,-73.98690506,Manhattan
427,Bus Slip & State St,40.701907,-74.013942,Manhattan
435,W 21 St & 6 Ave,40.74173969,-73.99415556,Manhattan
436,Hancock St & Bedford Ave,40.68216564,-73.95399026,Brooklyn
437,Macon St & Nostrand Ave,40.6809833854,-73.9500479759,Brooklyn
440,E 45 St & 3 Ave,40.75255434,-73.97282625,Manhattan
442,W 27 St & 7 Ave,40.746647,-73.993915,Manhattan
443,Bedford Ave & S 9 St,40.70853074,-73.96408963,Brooklyn
445,E 10 St & Avenue A,40.72740794,-73.98142006,Manhattan
446,W 24 St & 7 Ave,40.74487634,-73.99529885,Manhattan
447,8 Ave & W 52 St,40.76370739,-73.9851615,Manhattan
448,W 37 St & 10 Ave,40.75660359,-73.9979009,Manhattan
450,W 49 St & 8 Ave,40.76227205,-73.98788205,Manhattan
453,W 22 St & 8 Ave,40.74475148,-73.99915362,Manhattan
454,E 51 St & 1 Ave,40.75455731,-73.96592976,Manhattan
455,1 Ave & E 44 St,40.75001986,-73.96905301,Manhattan
456,E 53 St & Madison Ave,40.7597108,-73.97402311,Manhattan
458,11 Ave & W 27 St,40.751396,-74.005226,Manhattan
459,W 20 St & 11 Ave,40.746745,-74.007756,Manhattan
460,S 4 St & Wythe Ave,40.71285887,-73.96590294,Brooklyn
461,E 20 St & 2 Ave,40.73587678,-73.98205027,Manhattan
462,W 22 St & 10 Ave,40.74691959,-74.00451887,Manhattan
464,E 56 St & 3 Ave,40.75934501,-73.96759673,Manhattan
465,Broadway & W 41 St,40.75513557,-73.98658032,Manhattan
466,W 25 St & 6 Ave,40.74395411,-73.99144871,Manhattan
467,Dean St & 4 Ave,40.68312489,-73.97895137,Brooklyn
468,Broadway & W 56 St,40.7652654,-73.98192338,Manhattan
469,Broadway & W 53 St,40.76344058,-73.98268129,Manhattan
470,W 20 St & 8 Ave,40.74345335,-74.00004031,Manhattan
471,Grand St & Havemeyer St,40.71286844,-73.95698119,Brooklyn
472,E 32 St & Park Ave,40.7457121,-73.98194829,Manhattan
473,Rivington St & Chrystie St,40.72110063,-73.9919254,Manhattan
474,5 Ave & E 29 St,40.7451677,-73.98683077,Manhattan
476,E 31 St & 3 Ave,40.74394314,-73.97966069,Manhattan
477,W 41 St & 8 Ave,40.75640548,-73.9900262,Manhattan
478,11 Ave & W 41 St,40.76030096,-73.99884222,Manhattan
479,9 Ave & W 45 St,40.76019252,-73.9912551,Manhattan
480,W 53 St & 10 Ave,40.76669671,-73.99061728,Manhattan
481,S 3 St & Bedford Ave,40.71260486,-73.96264403,Brooklyn
482,W 15 St & 7 Ave,40.73935542,-73.99931783,Manhattan
483,E 12 St & 3 Ave,40.73223272,-73.98889957,Manhattan
484,W 44 St & 5 Ave,40.75500254,-73.98014437,Manhattan
485,W 37 St & 5 Ave,40.75038009,-73.98338988,Manhattan
486,Broadway & W 29 St,40.7462009,-73.98855723,Manhattan
489,10 Ave & W 28 St,40.75066386,-74.00176802,Manhattan
490,8 Ave & W 33 St,40.751551,-73.993934,Manhattan
492,W 33 St & 7 Ave,40.75019995,-73.99093085,Manhattan
493,W 45 St & 6 Ave,40.7568001,-73.98291153,Manhattan
494,W 26 St & 8 Ave,40.74734825,-73.99723551,Manhattan
495,W 47 St & 10 Ave,40.76269882,-73.99301222,Manhattan
496,E 16 St & 5 Ave,40.73726186,-73.99238967,Manhattan
497,E 17 St & Broadway,40.73704984,-73.99009296,Manhattan
499,Broadway & W 60 St,40.76915505,-73.98191841,Manhattan
500,Broadway & W 51 St,40.76228826,-73.98336183,Manhattan
502,Henry St & Grand St,40.714215,-73.981346,Manhattan
503,E 20 St & Park Ave,40.73827428,-73.98751968,Manhattan
504,1 Ave & E 16 St,40.73221853,-73.98165557,Manhattan
505,6 Ave & W 33 St,40.74901271,-73.98848395,Manhattan
507,E 25 St & 2 Ave,40.73912601,-73.97973776,Manhattan
508,W 46 St & 11 Ave,40.76341379,-73.99667444,Manhattan
509,9 Ave & W 22 St,40.7454973,-74.00197139,Manhattan
513,W 56 St & 10 Ave,40.768254,-73.988639,Manhattan
514,12 Ave & W 40 St,40.76087502,-74.00277668,Manhattan
515,W 43 St & 10 Ave,40.76009437,-73.99461843,Manhattan
516,E 47 St & 1 Ave,40.75206862,-73.96784384,Manhattan
517,Pershing Square South,40.751581,-73.97791,Manhattan
518,E 39 St & 2 Ave,40.74780373,-73.9734419,Manhattan
519,Pershing Square North,40.751873,-73.977706,Manhattan
522,E 51 St & Lexington Ave,40.75714758,-73.97207836,Manhattan
523,W 38 St & 8 Ave,40.75466591,-73.99138152,Manhattan
525,W 34 St & 11 Ave,40.75594159,-74.0021163,Manhattan
526,E 33 St & 5 Ave,40.74765947,-73.98490707,Manhattan
528,2 Ave & E 31 St,40.74290902,-73.97706058,Manhattan
529,W 42 St & 8 Ave,40.7575699,-73.99098507,Manhattan
530,11 Ave & W 59 St,40.77149671054441,-73.99046033620834,Manhattan
531,Forsyth St & Broome St,40.71893904,-73.99266288,Manhattan
532,S 5 Pl & S 5 St,40.710451,-73.960876,Brooklyn
533,Broadway & W 38 St,40.75299641,-73.98721619,Manhattan
534,Water - Whitehall Plaza,40.70255065,-74.0127234,Manhattan
536,1 Ave & E 30 St,40.74144387,-73.97536082,Manhattan
539,Metropolitan Ave & Bedford Ave,40.71534825,-73.96024116,Brooklyn
540,Lexington Ave & E 29 St,40.74311555376486,-73.98215353488922,Manhattan
545,E 23 St & 1 Ave,40.736502,-73.97809472,Manhattan
546,E 30 St & Park Ave S,40.74444921,-73.98303529,Manhattan
2000,Front St & Washington St,40.70255088,-73.98940236,Brooklyn
2002,Wythe Ave & Metropolitan Ave,40.716887,-73.963198,Brooklyn
2003,1 Ave & E 18 St,40.733812191966315,-73.98054420948029,Manhattan
2005,Railroad Ave & Kay Ave,40.70531194,-73.97100056,Brooklyn
2006,Central Park S & 6 Ave,40.76590936,-73.97634151,Manhattan
2008,Little West St & 1 Pl,40.70569254,-74.01677685,Manhattan
2009,Catherine St & Monroe St,40.71117444,-73.99682619,Manhattan
2010,Grand St & Greene St,40.72165481,-74.00234737,Manhattan
2012,E 27 St & 1 Ave,40.739445,-73.976806,Manhattan
2017,E 43 St & 2 Ave,40.75022392,-73.97121414,Manhattan
2021,W 45 St & 8 Ave,40.75929124,-73.98859651,Manhattan
2022,E 60 St & York Ave,40.759107,-73.959223,Manhattan
2023,E 55 St & Lexington Ave,40.75968085,-73.97031366,Manhattan
3002,South End Ave & Liberty St,40.711512,-74.015756,Manhattan
3016,Kent Ave & N 7 St,40.72036775298455,-73.96165072917938,Brooklyn
3041,Kingston Ave & Herkimer St,40.67890679,-73.94142771,Brooklyn
3042,Fulton St & Utica Ave,40.6794268,-73.9298911,Brooklyn
3043,Lewis Ave & Decatur St,40.6814598,-73.934903,Brooklyn
3044,Albany Ave & Fulton St,40.6800105,-73.938475,Brooklyn
3046,Marcus Garvey Blvd & Macon St,40.682601,-73.938037,Brooklyn
3047,Halsey St & Tompkins Ave,40.6823687,-73.944118,Brooklyn
3048,Putnam Ave & Nostrand Ave,40.68402,-73.94977,Brooklyn
3049,Cambridge Pl & Gates Ave,40.68488,-73.96304,Brooklyn
3050,Putnam Ave & Throop Ave,40.6851532,-73.94111,Brooklyn
3052,Lewis Ave & Madison St,40.686312,-73.935775,Brooklyn
3053,Marcy Ave & Lafayette Ave,40.6900815,-73.947915,Brooklyn
3054,Greene Ave & Throop Ave,40.6894932,-73.942061,Brooklyn
3055,Greene Ave & Nostrand Ave,40.6883337,-73.950916,Brooklyn
3056,Kosciuszko St & Nostrand Ave,40.69072549,-73.95133465,Brooklyn
3057,Kosciuszko St & Tompkins Ave,40.69128258,-73.9452416,Brooklyn
3058,Lewis Ave & Kosciuszko St,40.69237074,-73.93705428,Brooklyn
3059,Pulaski St & Marcus Garvey Blvd,40.6933982,-73.939877,Brooklyn
3060,Willoughby Ave & Tompkins Ave,40.69425403,-73.94626915,Brooklyn
3061,Throop Ave & Myrtle Ave,40.69622937,-73.94371094,Brooklyn
3062,Myrtle Ave & Marcy Ave,40.69539817,-73.94954908,Brooklyn
3063,Nostrand Ave & Myrtle Ave,40.69527008,-73.95238108,Brooklyn
3064,Myrtle Ave & Lewis Ave,40.69681963,-73.93756926,Brooklyn
3065,Union Ave & Wallabout St,40.70029511,-73.95032283,Brooklyn
3066,Tompkins Ave & Hopkins St,40.69957608,-73.94708417,Brooklyn
3067,Broadway & Whipple St,40.7016657,-73.9437303,Brooklyn
3068,Humboldt St & Varet St,40.7031724,-73.940636,Brooklyn
3069,Lorimer St & Broadway,40.70411791,-73.94818595,Brooklyn
3070,McKibbin St & Manhattan Ave,40.70510918,-73.94407279,Brooklyn
3071,Boerum St & Broadway,40.70538077,-73.94976519,Brooklyn
3072,Leonard St & Boerum St,40.70583339,-73.94644578,Brooklyn
3074,Montrose Ave & Bushwick Ave,40.70767788,-73.94016171,Brooklyn
3075,Division Ave & Marcy Ave,40.70708701,-73.95796783,Brooklyn
3076,Scholes St & Manhattan Ave,40.70870368,-73.9448625,Brooklyn
3077,Stagg St & Union Ave,40.70877084,-73.95095259,Brooklyn
3078,Broadway & Roebling St,40.70924826276157,-73.96063148975372,Brooklyn
3080,S 4 St & Rodney St,40.70934,-73.95608,Brooklyn
3081,Graham Ave & Grand St,40.711863,-73.944024,Brooklyn
3082,Hope St & Union Ave,40.71167351,-73.95141312,Brooklyn
3083,Bushwick Ave & Powers St,40.71247661,-73.94100005,Brooklyn
3085,Roebling St & N 4 St,40.71469,-73.95739,Brooklyn
3086,Graham Ave & Conselyea St,40.715143,-73.944507,Brooklyn
3087,Metropolitan Ave & Meeker Ave,40.71413311,-73.95234386,Brooklyn
3088,Union Ave & Jackson St,40.7160751,-73.952029,Brooklyn
3093,N 6 St & Bedford Ave,40.71745169,-73.95850939,Brooklyn
3094,Graham Ave & Withers St,40.7169811,-73.94485918,Brooklyn
3095,Graham Ave & Herbert St,40.71929301,-73.94500379,Brooklyn
3096,Union Ave & N 12 St,40.71924,-73.95242,Brooklyn
3100,Nassau Ave & Newell St,40.724812564400175,-73.94752621650696,Brooklyn
3101,N 12 St & Bedford Ave,40.72079821,-73.95484712,Brooklyn
3102,Driggs Ave & Lorimer St,40.72179134,-73.9504154,Brooklyn
3105,N 15 St & Wythe Ave,40.724055,-73.955736,Brooklyn
3106,Driggs Ave & N Henry St,40.72325,-73.94308,Brooklyn
3107,Bedford Ave & Nassau Ave,40.72311651,-73.95212324,Brooklyn
3108,Nassau Ave & Russell St,40.72557,-73.94434,Brooklyn
3109,Banker St & Meserole Ave,40.72606,-73.95621,Brooklyn
3110,Meserole Ave & Manhattan Ave,40.72708584,-73.95299117,Brooklyn
3112,Milton St & Franklin St,40.72906,-73.95779,Brooklyn
3113,Greenpoint Ave & Manhattan Ave,40.73026,-73.95394,Brooklyn
3115,India St & Manhattan Ave,40.73232194,-73.9550858,Brooklyn
3116,Huron St & Franklin St,40.73266,-73.95826,Brooklyn
3117,Franklin St & Dupont St,40.73564,-73.95866,Brooklyn
3118,McGuinness Blvd & Eagle St,40.73555,-73.95284,Brooklyn
3119,Vernon Blvd & 50 Ave,40.74232744,-73.95411749,Queens
3121,Jackson Ave & 46 Rd,40.74524768,-73.94733276,Queens
3122,48 Ave & 5 St,40.744363287066875,-73.9558732509613,Queens
3123,31 St & Thomson Ave,40.74469738,-73.93540375,Queens
3124,46 Ave & 5 St,40.74731,-73.95451,Queens
3125,45 Rd & 11 St,40.74708586,-73.94977234,Queens
3126,44 Dr & Jackson Ave,40.74718234,-73.9432635,Queens
3127,9 St & 44 Rd,40.74966,-73.9521,Queens
3128,21 St & 43 Ave,40.75052534,-73.94594845,Queens
3129,Queens Plaza North & Crescent St,40.75110165,-73.94073717,Queens
3130,21 St & Queens Plaza North,40.75325964,-73.94335788,Queens
3131,E 68 St & 3 Ave,40.76712840349542,-73.96224617958069,Manhattan
3134,3 Ave & E 62 St,40.76312584,-73.96526895,Manhattan
3135,E 75 St & 3 Ave,40.77112927,-73.95772297,Manhattan
3136,5 Ave & E 63 St,40.766368,-73.971518,Manhattan
3137,5 Ave & E 73 St,40.77282817,-73.96685276,Manhattan
3139,E 72 St & Park Ave,40.77118287540658,-73.96409422159195,Manhattan
3140,1 Ave & E 78 St,40.77140426,-73.9535166,Manhattan
3141,1 Ave & E 68 St,40.76500525,-73.95818491,Manhattan
3142,1 Ave & E 62 St,40.7612274,-73.96094022,Manhattan
3143,5 Ave & E 78 St,40.77632142182271,-73.96427392959595,Manhattan
3145,E 84 St & Park Ave,40.77862688,-73.95772073,Manhattan
3146,E 81 St & 3 Ave,40.77573034,-73.9567526,Manhattan
3147,E 85 St & 3 Ave,40.77801203,-73.95407149,Manhattan
3148,E 84 St & 1 Ave,40.77565541,-73.95068615,Manhattan
3150,E 85 St & York Ave,40.77536905,-73.94803392,Manhattan
3151,E 81 St & York Ave,40.7728384,-73.94989233,Manhattan
3152,3 Ave & E 71 St,40.76873687,-73.96119945,Manhattan
3154,E 77 St & 3 Ave,40.77314236,-73.95856158,Manhattan
3155,Lexington Ave & E 63 St,40.76440023,-73.96648977,Manhattan
3156,E 72 St & York Ave,40.76663814,-73.95348296,Manhattan
3157,East End Ave & E 86 St,40.77518615,-73.94446054,Manhattan
3158,W 63 St & Broadway,40.77163851,-73.98261428,Manhattan
3159,W 67 St & Broadway,40.77492513,-73.98266566,Manhattan
3160,Central Park West & W 76 St,40.77896784,-73.97374737,Manhattan
3161,W 76 St & Columbus Ave,40.7801839724239,-73.97728532552719,Manhattan
3162,W 78 St & Broadway,40.78339981,-73.98093133,Manhattan
3163,Central Park West & W 68 St,40.7734066,-73.97782542,Manhattan
3164,Columbus Ave & W 72 St,40.7770575,-73.97898475,Manhattan
3165,Central Park West & W 72 St,40.77579376683666,-73.9762057363987,Manhattan
3166,Riverside Dr & W 72 St,40.78057799010334,-73.98562431335449,Manhattan
3167,Amsterdam Ave & W 73 St,40.77966809007312,-73.98093044757842,Manhattan
3168,Central Park West & W 85 St,40.78472675,-73.96961715,Manhattan
3169,Riverside Dr & W 82 St,40.78720869,-73.98128127,Manhattan
3170,W 84 St & Columbus Ave,40.78499979,-73.97283406,Manhattan
3171,Amsterdam Ave & W 82 St,40.78524672,-73.97667321,Manhattan
3172,W 74 St & Columbus Ave,40.7785669,-73.97754961,Manhattan
3173,Riverside Blvd & W 67 St,40.777507027547976,-73.98888587951659,Manhattan
3175,W 70 St & Amsterdam Ave,40.77748046,-73.98288594,Manhattan
3177,W 84 St & Broadway,40.7867947,-73.977112,Manhattan
3178,Riverside Dr & W 78 St,40.78414472,-73.98362492,Manhattan
3179,Park Ave & Marcus Garvey Blvd,40.698617,-73.941342,Brooklyn
3182,Yankee Ferry Terminal,40.686931,-74.016966,Manhattan
3184,Paulus Hook,40.7141454,-74.0335519,JC
3185,City Hall,40.7177325,-74.043845,JC
3186,Grove St PATH,40.71958611647166,-74.04311746358871,JC
3187,Warren St,40.7211236,-74.03805095,JC
3191,Union St,40.7182113,-74.0836394,JC
3192,Liberty Light Rail,40.7112423,-74.0557013,JC
3193,Lincoln Park,40.7246050998869,-74.07840594649315,JC
3194,McGinley Square,40.7253399253558,-74.06762212514877,JC
3195,Sip Ave,40.73089709786179,-74.06391263008118,JC
3196,Riverview Park,40.7443187,-74.0439909,Manhattan
3198,Heights Elevator,40.748715945380226,-74.04044330120087,Manhattan
3199,Newport Pkwy,40.7287448,-74.0321082,JC
3201,Dey St,40.737711,-74.066921,JC
3202,Newport PATH,40.7272235,-74.0337589,JC
3203,Hamilton Park,40.727595966,-74.044247311,JC
3205,JC Medical Center,40.71653978099194,-74.0496379137039,JC
3206,Hilltop,40.7311689,-74.0575736,JC
3207,Oakland Ave,40.7376037,-74.0524783,Manhattan
3209,Brunswick St,40.7241765,-74.0506564,JC
3210,Pershing Field,40.742677141,-74.051788633,Manhattan
3211,Newark Ave,40.72152515,-74.046304543,JC
3212,Christ Hospital,40.734785818,-74.050443636,Manhattan
3213,Van Vorst Park,40.71848892,-74.047726625,JC
3214,Essex Light Rail,40.7127742,-74.0364857,JC
3220,5 Corners Library,40.734961020009514,-74.0595030784607,JC
3221,47 Ave & 31 St,40.743,-73.93561,Queens
3225,Baldwin at Montgomery,40.7236589,-74.0641943,JC
3231,E 67 St & Park Ave,40.76780080148132,-73.96592080593109,Manhattan
3232,Bond St & Fulton St,40.68962188790333,-73.98304268717766,Brooklyn
3235,E 41 St & Madison Ave,40.752165280621966,-73.97992193698882,Manhattan
3236,W 42 St & Dyer Ave,40.75898481399634,-73.99379968643188,Manhattan
3241,Monroe St & Tompkins Ave,40.686203,-73.944694,Brooklyn
3242,Schermerhorn St & Court St,40.69102925677968,-73.99183362722397,Brooklyn
3243,E 58 St & 1 Ave (NE Corner),40.75892386377695,-73.96226227283478,Manhattan
3244,University Pl & E 8 St,40.73143724085228,-73.99490341544151,Manhattan
3249,Verona Pl & Fulton St,40.6803560840434,-73.9476791024208,Brooklyn
3254,Soissons Landing,40.69231660719192,-74.01486575603485,Manhattan
3255,8 Ave & W 31 St,40.7505853470215,-73.9946848154068,Manhattan
3256,Pier 40 - Hudson River Park,40.7277140777778,-74.01129573583603,Manhattan
3259,9 Ave & W 28 St,40.74937024193277,-73.99923384189606,Manhattan
3260,Mercer St & Bleecker St,40.72706363348306,-73.99662137031554,Manhattan
3263,Cooper Square & Astor Pl,40.72951496224949,-73.99075269699097,Manhattan
3267,Morris Canal,40.7124188237569,-74.03852552175522,JC
3268,Lafayette Park,40.71346382669195,-74.06285852193832,JC
3269,Brunswick & 6th,40.72601172964625,-74.05038893222809,JC
3270,Jersey & 6th St,40.72528910781132,-74.04557168483734,JC
3272,Jersey & 3rd,40.72333158646436,-74.04595255851744,JC
3273,Manila & 1st,40.721650724879986,-74.04288411140442,JC
3275,Columbus Drive,40.71835519823214,-74.03891444206238,JC
3276,Marin Light Rail,40.71458403535893,-74.04281705617905,JC
3277,Communipaw & Berry Lane,40.71435836870427,-74.06661093235016,JC
3278,Monmouth and 6th,40.72568548362901,-74.04879033565521,JC
3279,Dixon Mills,40.721630142638354,-74.04996782541275,JC
3280,Astor Place,40.71928220070702,-74.07126188278198,JC
3281,Leonard Gordon Park,40.74590996631558,-74.0572714805603,Manhattan
3282,5 Ave & E 88 St,40.78307,-73.95939,Manhattan
3283,W 89 St & Columbus Ave,40.7882213,-73.97041561,Manhattan
3284,E 88 St & Park Ave,40.781410700190015,-73.95595908164978,Manhattan
3285,W 87 St & Amsterdam Ave,40.78839,-73.9747,Manhattan
3286,E 89 St & 3 Ave,40.7806284,-73.9521667,Manhattan
3287,W 87 St & West End Ave,40.789622,-73.97757,Manhattan
3288,E 88 St & 1 Ave,40.778301,-73.9488134,Manhattan
3289,W 90 St & Amsterdam Ave,40.79017948095081,-73.97288918495178,Manhattan
3290,E 89 St & York Ave,40.7779453,-73.946041,Manhattan
3292,5 Ave & E 93 St,40.7857851,-73.957481,Manhattan
3293,W 92 St & Broadway,40.7921,-73.9739,Manhattan
3294,E 91 St & Park Ave,40.7835016,-73.955327,Manhattan
3295,Central Park W & W 96 St,40.79127,-73.964839,Manhattan
3296,E 93 St & 2 Ave,40.782454175279874,-73.9489196240902,Manhattan
3297,6 St & 7 Ave,40.6686627,-73.97988067,Brooklyn
3298,Warren St & Court St,40.686371,-73.99383324,Brooklyn
3299,E 98 St & Park Ave,40.78813,-73.95206,Manhattan
3300,Prospect Park West & 8 St,40.66514681533792,-73.97637605667114,Brooklyn
3301,Columbus Ave & W 95 St,40.7919557,-73.968087,Manhattan
3302,Columbus Ave & W 103 St,40.7969347,-73.9643412291,Manhattan
3303,Butler St & Court St,40.6849894,-73.99440329,Brooklyn
3304,6 Ave & 9 St,40.668127,-73.98377641,Brooklyn
3305,E 91 St & 2 Ave,40.78112229934166,-73.94965589046478,Manhattan
3306,10 St & 7 Ave,40.6662078,-73.98199886,Brooklyn
3307,West End Ave & W 94 St,40.7941654,-73.974124,Manhattan
3308,Kane St & Clinton St,40.6861758,-73.99645295,Brooklyn
3309,E 97 St & 3 Ave,40.7859201,-73.94860294,Manhattan
3310,14 St & 7 Ave,40.663779,-73.98396846,Brooklyn
3311,Columbia St & Kane St,40.68763155,-74.0016256,Brooklyn
3312,1 Ave & E 94 St,40.7817212,-73.94594,Manhattan
3313,6 Ave & 12 St,40.6663181,-73.9854617,Brooklyn
3314,W 95 St & Broadway,40.7937704,-73.971888,Manhattan
3315,Henry St & Degraw St,40.6847514,-73.99917254,Brooklyn
3317,10 St & 5 Ave,40.6686273,-73.98700053,Brooklyn
3318,2 Ave & E 96 St,40.7839636,-73.9471673,Manhattan
3319,14 St & 5 Ave,40.666287,-73.98895053,Brooklyn
3320,Central Park West & W 100 St,40.79406660818552,-73.96286845207214,Manhattan
3321,Clinton St & Union St,40.6831164,-73.99785267,Brooklyn
3322,12 St & 4 Ave,40.668603,-73.9904394,Brooklyn
3323,W 106 St & Central Park West,40.7981856,-73.9605909006,Manhattan
3324,3 Ave & 14 St,40.6685455,-73.99333264,Brooklyn
3325,E 95 St & 3 Ave,40.7849032,-73.950503,Manhattan
3326,Clinton St & Centre St,40.67434,-74.00194698,Brooklyn
3327,3 Ave & E 100 St,40.7877214,-73.94728331,Manhattan
3328,W 100 St & Manhattan Ave,40.795,-73.9645,Manhattan
3329,Degraw St & Smith St,40.6829151,-73.99318208,Brooklyn
3330,Henry St & Bay St,40.6725058,-74.00494695,Brooklyn
3331,Riverside Dr & W 104 St,40.8013434,-73.9711457439,Manhattan
3332,Degraw St & Hoyt St,40.681990442707026,-73.99079024791718,Brooklyn
3333,Columbia St & Lorraine St,40.6747055,-74.0075572,Brooklyn
3335,Union St & 4 Ave,40.6772744,-73.98282002,Brooklyn
3336,E 97 St & Madison Ave,40.787801,-73.953559,Manhattan
3337,Dwight St & Van Dyke St,40.67363551341504,-74.01195555925369,Brooklyn
3338,2 Ave & E 99 St,40.7862586,-73.94552579,Manhattan
3339,Berkeley Pl & 6 Ave,40.6765304,-73.97846879,Brooklyn
3340,Wolcott St & Dwight St,40.6753274,-74.0100698,Brooklyn
3341,Central Park West & W 102 St,40.795346,-73.96186,Manhattan
3342,Pioneer St & Richards St,40.6777748,-74.0094613,Brooklyn
3343,W 107 St & Columbus Ave,40.7997568,-73.9621128676,Manhattan
3344,Pioneer St & Van Brunt St,40.679043,-74.011169,Brooklyn
3345,Madison Ave & E 99 St,40.78948541553215,-73.95242929458618,Manhattan
3346,Berkeley Pl & 7 Ave,40.675146838709786,-73.97523209452629,Brooklyn
3347,Van Brunt St & Wolcott St,40.6773429,-74.01275056,Brooklyn
3348,Coffey St & Conover St,40.677236,-74.015665,Brooklyn
3349,Grand Army Plaza & Plaza St West,40.6729679,-73.97087984,Brooklyn
3350,W 100 St & Broadway,40.7973721,-73.97041192,Manhattan
3351,E 102 St & 1 Ave,40.7869946,-73.94164802,Manhattan
3352,Sigourney St & Columbia St,40.67267243410948,-74.0087952464819,Brooklyn
3354,3 St & Prospect Park West,40.668132,-73.97363831,Brooklyn
3355,E 66 St & Madison Ave,40.76800889305947,-73.96845281124115,Manhattan
3356,Amsterdam Ave & W 66 St,40.7746671,-73.98470567,Manhattan
3357,W 106 St & Amsterdam Ave,40.8008363,-73.9664492472,Manhattan
3358,Garfield Pl & 8 Ave,40.6711978,-73.97484126,Brooklyn
3359,E 68 St & Madison Ave,40.7691572,-73.96703464,Manhattan
3360,Amsterdam Ave & W 79 St,40.7829391,-73.9786517,Manhattan
3361,Carroll St & 6 Ave,40.6740886,-73.9787282,Brooklyn
3362,Madison Ave & E 82 St,40.7781314,-73.96069399,Manhattan
3363,E 102 St & Park Ave,40.7904828,-73.95033068,Manhattan
3364,Carroll St & 5 Ave,40.6751622,-73.9814832,Brooklyn
3365,3 St & 7 Ave,40.6703837,-73.97839676,Brooklyn
3366,West End Ave & W 107 St,40.8021174,-73.9681805305,Manhattan
3367,5 Ave & E 103 St,40.7922553,-73.95249933,Manhattan
3368,5 Ave & 3 St,40.6728155,-73.98352355,Brooklyn
3369,E 82 St & East End Ave,40.7724607,-73.9468208,Manhattan
3370,E 78 St & 2 Ave,40.7727966,-73.95577801,Manhattan
3372,E 74 St & 1 Ave,40.7689738,-73.95482273,Manhattan
3373,3 St & 3 Ave,40.6750705,-73.98775226,Brooklyn
3374,Central Park North & Adam Clayton Powell Blvd,40.799484,-73.955613,Manhattan
3375,3 Ave & E 72 St,40.7699426,-73.96060712,Manhattan
3376,E 65 St & 2 Ave,40.76471851944339,-73.96222069859505,Manhattan
3377,Carroll St & Bond St,40.6786115,-73.99037292,Brooklyn
3378,E 76 St & Park Ave,40.773763,-73.96222088,Manhattan
3379,E 103 St & Lexington Ave,40.7903051,-73.94755757,Manhattan
3381,3 St & Hoyt St,40.6777287,-73.99364123,Brooklyn
3382,Carroll St & Smith St,40.680611,-73.99475825,Brooklyn
3383,Cathedral Pkwy & Broadway,40.804213,-73.96699104,Manhattan
3384,Smith St & 3 St,40.6787242,-73.99599099,Brooklyn
3386,1 Pl & Clinton St,40.6809591,-73.99905709,Brooklyn
3387,E 106 St & Madison Ave,40.7934337,-73.94945003,Manhattan
3388,President St & Henry St,40.6828003,-73.99990419,Brooklyn
3389,Carroll St & Columbia St,40.6830456,-74.00348559,Brooklyn
3390,E 109 St & 3 Ave,40.79329668,-73.9432083,Manhattan
3391,E 106 St & 1 Ave,40.7892529,-73.93956237,Manhattan
3392,Commerce St & Van Brunt St,40.6812117,-74.00860912,Brooklyn
3393,Richards St & Delavan St,40.6794327,-74.00785041,Brooklyn
3394,Columbia St & W 9 St,40.6769993,-74.00647134,Brooklyn
3395,Henry St & W 9 St,40.6763744,-74.00324957,Brooklyn
3396,Clinton St & 4 Place,40.6783563,-74.00014502,Brooklyn
3397,Court St & Nelson St,40.6763947,-73.99869893,Brooklyn
3398,Smith St & 9 St,40.6746957,-73.99785768,Brooklyn
3399,7 St & 3 Ave,40.67260298150126,-73.98983001708984,Brooklyn
3400,E 110 St & Madison Ave,40.7961535,-73.94782145,Manhattan
3402,Court St & State St,40.6902375,-73.99203074,Brooklyn
3403,4 Ave & 9 St,40.6705135,-73.98876585,Brooklyn
3404,7 St & 5 Ave,40.6704922,-73.98541675,Brooklyn
3405,5 St & 6 Ave,40.6704836,-73.98208968,Brooklyn
3407,Union St & Nevins St,40.67909799721684,-73.98765474557877,Brooklyn
3408,Congress St & Clinton St,40.6881529,-73.99520919,Brooklyn
3409,Bergen St & Smith St,40.6867443,-73.99063168,Brooklyn
3410,Dean St & Hoyt St,40.6864442,-73.98759104,Brooklyn
3411,Bond St & Bergen St,40.6849668,-73.98620772,Brooklyn
3412,Pacific St & Nevins St,40.6853761,-73.98302136,Brooklyn
3413,Wyckoff St & 3 Ave,40.6827549,-73.98258555,Brooklyn
3414,Bergen St & Flatbush Ave,40.680944723477296,-73.97567331790923,Brooklyn
3415,Prospect Pl & 6 Ave,40.6793307,-73.97519523,Brooklyn
3416,7 Ave & Park Pl,40.6776147,-73.97324283,Brooklyn
3417,Baltic St & 5 Ave,40.6795766,-73.97854971,Brooklyn
3418,Plaza St West & Flatbush Ave,40.6750207,-73.97111473,Brooklyn
3419,Douglass St & 4 Ave,40.6792788,-73.98154004,Brooklyn
3420,Douglass St & 3 Ave,40.6802133,-73.98432695,Brooklyn
3422,Columbia St & Degraw St,40.6859296,-74.00242364,Brooklyn
3423,West Drive & Prospect Park West,40.6610633719006,-73.97945255041122,Brooklyn
3424,E 106 St & Lexington Ave,40.791976,-73.945993,Manhattan
3425,2 Ave & E 104 St,40.7892105,-73.94370784,Manhattan
3429,Hanson Pl & Ashland Pl,40.68506807308177,-73.97790759801863,Brooklyn
3430,Richardson St & N Henry St,40.71907891179564,-73.94223690032959,Brooklyn
3435,Grand St & Elizabeth St,40.718822,-73.99596,Manhattan
3437,Riverside Dr & W 91 St,40.79313480986663,-73.97700369358063,Manhattan
3440,Fulton St & Adams St,40.692418292578466,-73.98949474096298,Brooklyn
3443,W 52 St & 6 Ave,40.76132983124814,-73.97982001304626,Manhattan
3449,Eckford St & Engert Ave,40.721462562298164,-73.94800901412964,Brooklyn
3452,Bayard St & Leonard St,40.71915571696044,-73.94885390996933,Brooklyn
3453,Devoe St & Lorimer St,40.71335226222875,-73.9491033554077,Brooklyn
3454,Leonard St & Maujer St,40.7103685423523,-73.94705951213837,Brooklyn
3456,Jackson St & Leonard St,40.71638031973561,-73.94821286201477,Brooklyn
3457,E 58 St & Madison Ave,40.76302594280519,-73.97209525108337,Manhattan
3461,Murray St & Greenwich St,40.714851505262516,-74.01122331619263,Manhattan
3463,E 16 St & Irving Pl,40.735367055605394,-73.98797392845154,Manhattan
3469,India St & West St,40.73181401720966,-73.95995020866394,Brooklyn
3472,W 15 St & 10 Ave,40.742753828659026,-74.00747358798981,Manhattan
3477,39 St & 2 Ave - Citi Bike HQ at Industry City,40.65539977447831,-74.01062786579132,Brooklyn
3478,2 Ave & 36 St - Citi Bike HQ at Industry City,40.65708866668485,-74.00870203971863,Brooklyn
3479,Picnic Point,40.68512559515415,-74.02535319328308,Manhattan
3481,York St,40.71649,-74.04105,JC
3483,Montgomery St,40.71942,-74.05099,JC
3486,Schermerhorn St & Bond St,40.688417427540834,-73.98451656103134,Brooklyn
3490,E 116 St & 2 Ave,40.796879,-73.937261,Manhattan
3491,E 118 St & 1 Ave,40.79747,-73.93504,Manhattan
3492,E 118 St & Park Ave,40.8005385,-73.9419949,Manhattan
3493,E 118 St & 3 Ave,40.799139,-73.9389152,Manhattan
3494,E 115 St & Lexington Ave,40.797911,-73.9423,Manhattan
3495,E 114 St & 1 Ave,40.7945663,-73.9362541,Manhattan
3496,1 Ave & E 110 St,40.7923272,-73.9383,Manhattan
3497,Pleasant Ave & E 116 St,40.7949879,-73.9333349,Manhattan
3498,Pleasant Ave & E 120 St,40.7974772,-73.9311847,Manhattan
3499,2 Ave & E 122 St,40.8006721,-73.9349,Manhattan
3500,E 115 St & Madison Ave,40.7989445,-73.944846,Manhattan
3501,E 118 St & Madison Ave,40.8014866,-73.9442507,Manhattan
3502,Lexington Ave & E 111 St,40.7954121,-73.9441232,Manhattan
3503,Madison Ave & E 120 St,40.80295,-73.942954,Manhattan
3504,E 123 St & Lexington Ave,40.8029263,-73.9379,Manhattan
3505,Lexington Ave & E 127 St,40.805726,-73.936322,Manhattan
3506,Lexington Ave & E 120 St,40.8013066,-73.9398167,Manhattan
3507,Park Ave & E 124 St,40.8045555,-73.9396861,Manhattan
3508,St Nicholas Ave & Manhattan Ave,40.809725,-73.953149,Manhattan
3509,Lenox Ave & W 115 St,40.8011939,-73.9500739,Manhattan
3510,Adam Clayton Powell Blvd & W 123 St,40.8078316,-73.949373,Manhattan
3511,Adam Clayton Powell Blvd & W 115 St,40.802535,-73.9532423,Manhattan
3513,21 St & Hoyt Ave S,40.774645,-73.923706,Queens
3514,Astoria Park S & Shore Blvd,40.7767,-73.927631,Queens
3515,24 Ave & 26 St,40.774591,-73.918544,Queens
3516,31 St & Astoria Blvd,40.7699176,-73.9184057,Queens
3517,31 St & Hoyt Ave N,40.7711528,-73.9170074,Queens
3518,Lenox Ave & W 126 St,40.808442,-73.9452087,Manhattan
3520,Adam Clayton Powell Blvd & W 118 St,40.804372,-73.951475,Manhattan
3521,Lenox Ave & W 111 St,40.7987859,-73.9523,Manhattan
3522,37 St & 24 Ave,40.7701477,-73.9120938,Queens
3523,24 Ave & 29 St,40.7729,-73.916142,Queens
3524,19 St & 24 Ave,40.7774552,-73.9225403,Queens
3525,23 Ave & 27 St,40.776165,-73.9153175,Queens
3526,31 St & 23 Ave,40.7747878,-73.9125551,Queens
3527,5 Ave & E 126 St,40.80698,-73.941747,Manhattan
3528,Steinway St & 23 Ave,40.7713937,-73.9077436,Queens
3529,Lenox Ave & W 130 St,40.8107922,-73.9430681,Manhattan
3530,Crescent St & Ditmars Blvd,40.7787185,-73.9145645,Queens
3531,Frederick Douglass Blvd & W 129 St,40.8125511,-73.9492286,Manhattan
3532,Ditmars Blvd & 19 St,40.78145,-73.9183302,Queens
3533,St. Nicholas Ave & W 126 St,40.8114323,-73.9518776,Manhattan
3534,Frederick Douglass Blvd & W 117 St,40.805159,-73.954692,Manhattan
3535,Mt Morris Park W & W 120 St,40.804038,-73.945925,Manhattan
3536,W 116 St & Broadway,40.8082,-73.9641,Manhattan
3537,Carlton Ave & Dean St,40.6809741,-73.9710097,Brooklyn
3538,W 110 St & Amsterdam Ave,40.802692,-73.96295,Manhattan
3539,W 116 St & Amsterdam Ave,40.8067581,-73.9607082,Manhattan
3540,Morningside Ave & W 123 St,40.81,-73.9551508,Manhattan
3541,Amsterdam Ave & W 125 St,40.813358,-73.956461,Manhattan
3542,Amsterdam Ave & W 119 St,40.8086249,-73.9596214,Manhattan
3543,Morningside Dr & Amsterdam Ave,40.81028506306003,-73.95736455917358,Manhattan
3544,Underhill Ave & Pacific St,40.6804836,-73.9646795,Brooklyn
3545,Broadway & W 122 St,40.8120562,-73.9612547,Manhattan
3546,Pacific St & Classon Ave,40.6791944,-73.9587903,Brooklyn
3547,Broadway & Moylan Pl,40.8143256,-73.9590255,Manhattan
3549,Grand Ave & Bergen St,40.678045,-73.962408,Brooklyn
3551,3 Ave & E 112 St,40.795508,-73.941606,Manhattan
3552,W 113 St & Broadway,40.805973,-73.964928,Manhattan
3553,Frederick Douglass Blvd & W 112 St,40.801694,-73.957145,Manhattan
3554,Vernon Blvd & 41 Rd,40.7552433,-73.9485678,Queens
3555,28 St & 41 Ave,40.751047,-73.93797,Queens
3556,24 St & 41 Ave,40.7527085,-73.9397405,Queens
3557,40 Ave & 9 St,40.75742,-73.945133,Queens
3558,Bergen St & Vanderbilt Ave,40.6794388,-73.9680438,Brooklyn
3559,21 St & 38 Ave,40.7576314,-73.9391224,Queens
3560,28 St & 38 Ave,40.754876,-73.934326,Queens
3561,37 Ave & 35 St,40.7531106,-73.9279917,Queens
3562,Classon Ave & St Marks Ave,40.6765198,-73.9596082,Brooklyn
3563,28 St & 36 Ave,40.757186,-73.932719,Queens
3564,21 St & 36 Ave,40.7601853,-73.9362726,Queens
3565,36 Ave & 10 St,40.7614376,-73.9411265,Queens
3566,Crescent St & 35 Ave,40.7596276,-73.9321455,Queens
3567,11 St & 35 Ave,40.7627442,-73.9391141,Queens
3568,34 St & 35 Ave,40.7569332,-73.9262231,Queens
3569,Franklin Ave & St Marks Ave,40.6758324,-73.9561677,Brooklyn
3570,35 Ave & 37 St,40.7557327,-73.9236611,Queens
3571,Bedford Ave & Bergen St,40.676368,-73.952918,Brooklyn
3572,34 Ave & 38 St,40.756913,-73.921631,Queens
3573,35 St & 34 Ave,40.7580583,-73.9242751,Queens
3574,Prospect Pl & Underhill Ave,40.6769694,-73.96579,Brooklyn
3575,Crescent St & 34 Ave,40.76108,-73.930562,Queens
3576,Park Pl & Vanderbilt Ave,40.6767,-73.969024,Brooklyn
3577,34 Ave & 21 St,40.7628138,-73.9342862,Queens
3578,Park Pl & Franklin Ave,40.6741806,-73.9564947,Brooklyn
3579,Sterling Pl & Bedford Ave,40.672695,-73.954131,Brooklyn
3580,St Johns Pl & Washington Ave,40.6737236,-73.9631611,Brooklyn
3581,Underhill Ave & Lincoln Pl,40.6740123,-73.9671457,Brooklyn
3582,Lincoln Pl & Classon Ave,40.6721683,-73.9609,Brooklyn
3583,Eastern Pkwy & Washington Ave,40.6716493,-73.9631145,Brooklyn
3584,Eastern Pkwy & Franklin Ave,40.6707767,-73.9576801,Brooklyn
3585,Union St & Bedford Ave,40.6691783,-73.9554162,Brooklyn
3586,34 Ave & 13 St,40.7638753,-73.9364848,Queens
3587,Carroll St & Washington Ave,40.6686744,-73.9618148,Brooklyn
3588,Vernon Blvd & 10 St,40.7671863,-73.9373554,Queens
3589,Broadway & 12 St,40.7668,-73.9347774,Queens
3590,Carroll St & Franklin Ave,40.6679411,-73.9588,Brooklyn
3591,21 St & 31 Dr,40.7659,-73.930819,Queens
3592,Crescent St & Broadway,40.7633589,-73.9286471,Queens
3593,31 St & Broadway,40.761584,-73.925921,Queens
3595,35 St & Broadway,40.760339,-73.9222427,Queens
3596,Sullivan Pl & Bedford Ave,40.6642406,-73.9574686,Brooklyn
3597,43 St & Broadway,40.7577284,-73.9166368,Queens
3598,Newton Rd & 44 St,40.7595701,-73.9142678,Queens
3599,Franklin Ave & Empire Blvd,40.66314,-73.9605695,Brooklyn
3601,Sterling St & Bedford Ave,40.6627059,-73.9569115,Brooklyn
3602,31 Ave & 34 St,40.763154,-73.920827,Queens
3603,31 Ave & 30 St,40.7647,-73.9240312,Queens
3604,Rogers Ave & Sterling St,40.6630619,-73.9538746,Brooklyn
3605,31 Ave & Crescent St,40.7658346,-73.9265474,Queens
3606,49 Ave & 21 St,40.74252,-73.948852,Queens
3607,31 Ave & 14 St,40.7682,-73.9322662,Queens
3608,5 St & 51 Ave,40.7423737,-73.9566,Queens
3609,Vernon Blvd & 31 Ave,40.7692475,-73.9354504,Queens
3610,Vernon Blvd & 30 Rd,40.770845,-73.934171,Queens
3611,Vernon Blvd & 47 Rd,40.7449067,-73.9534573,Queens
3612,30 Ave & 21 St,40.7703743,-73.9286078,Queens
3613,Center Blvd & 48 Ave,40.745038,-73.957539,Queens
3614,Crescent St & 30 Ave,40.768692,-73.9249574,Queens
3615,44 Dr & 21 St,40.748,-73.9460927,Queens
3616,Steinway St & 28 Ave,40.7656251,-73.9136695,Queens
3664,North Moore St & Greenwich St,40.72019521437465,-74.0103006362915,Manhattan
3617,28 Ave & 35 St,40.7671,-73.9169858,Queens
3618,27 St & Hunter St,40.7485,-73.941275,Queens
3619,Newtown Ave & 23 St,40.7713615,-73.9246145,Queens
3620,11 St & 43 Ave,40.7519071,-73.9479119,Queens
3621,27 Ave & 9 St,40.7739825,-73.9309134,Queens
3622,E 128 St & Madison Ave,40.80756,-73.939182,Manhattan
3623,W 120 St & Claremont Ave,40.8109494,-73.9634,Manhattan
3628,Lenox Ave & W 117 St,40.8025566,-73.9490782,Manhattan
3629,Adam Clayton Powell Blvd & W 126 St,40.809495347779475,-73.94776493310928,Manhattan
3630,Frederick Douglass Blvd & W 115 St,40.8038654,-73.9559308,Manhattan
3637,Fulton St & Waverly Ave,40.683238654603414,-73.96599590778351,Brooklyn
3638,Washington St,40.7242941,-74.0354826,JC
3639,Harborside,40.7192517,-74.034234,JC
3640,Journal Square,40.73367,-74.0625,JC
3641,Broadway & W 25 St,40.74286877312112,-73.98918628692627,Manhattan
3646,35 Ave & 10 St,40.76315481910373,-73.93985509872437,Queens
3647,48 Ave & 30 Pl,40.74128309355993,-73.93725872039794,Queens
3648,Flushing Ave & Vanderbilt Ave,40.697950315695444,-73.97077560424805,Brooklyn
3649,W 129 St & Convent Ave,40.814394437915816,-73.95324736833572,Manhattan
3654,31 St & Northern Blvd,40.75186951421875,-73.93349289894103,Queens
3656,E 2 St & Avenue A,40.72307749068673,-73.98583620786667,Manhattan
3658,W 18 St & 9 Ave,40.7435337324616,-74.00367558002472,Manhattan
3661,Montgomery St & Franklin Ave,40.666439306870814,-73.9605563879013,Brooklyn
3662,31 Ave & Steinway St,40.761293897289086,-73.916916847229,Queens
3668,Leonard St & Nassau Ave,40.7239567849954,-73.94984364509583,Brooklyn
3671,E 81 St & 2 Ave,40.774779448957275,-73.95427465438843,Manhattan
3673,Dean St & Franklin Ave,40.67759206937376,-73.955637216568,Brooklyn
3674,Jay St & York St,40.701403172577244,-73.98672670125961,Brooklyn
3676,Van Brunt St & Van Dyke St,40.6758329439129,-74.01472628116608,Brooklyn
3677,Glenwood Ave,40.72755146730012,-74.07106071710587,JC
3678,Fairmount Ave,40.72572613742557,-74.07195925712585,JC
3679,Bergen Ave,40.722103786686034,-74.07145500183105,JC
3680,E 43 St & 5 Ave,40.754120810779256,-73.98025184869766,Manhattan
3681,Grand St,40.71517767732029,-74.03768330812454,JC
3686,Gansevoort St & Hudson St,40.739448201304036,-74.00507032871246,Manhattan
3687,E 33 St & 1 Ave,40.74322681432173,-73.97449783980846,Manhattan
3689,W 104 St & Amsterdam Ave,40.799041392882984,-73.96649479866028,Manhattan
3690,Park Pl & Church St,40.71334184275907,-74.00935515761375,Manhattan
3691,28 Ave & 44 St,40.76408932350688,-73.91065120697021,Queens
3692,5 St & Market St,40.699997484388504,-73.97440128028393,Brooklyn
3693,N 11 St & Kent Ave,40.72248188638219,-73.95921930670738,Brooklyn
3694,Jackson Square,40.71113,-74.0789,JC
3697,W 64 St & Thelonious Monk Circle,40.77515953434235,-73.98918695747852,Manhattan
3699,W 50 St & 9 Ave,40.763604677958625,-73.98917958140373,Manhattan
3704,47 Ave & Skillman Ave,40.7437524099784,-73.94176483154297,Queens
3707,Lexington Ave & E 26 St,40.741459,-73.983293,Manhattan
3708,W 13 St & 5 Ave,40.735445,-73.99431,Manhattan
3709,W 15 St & 6 Ave,40.738046142482766,-73.99642959237099,Manhattan
3711,E 13 St & Avenue A,40.72966729392978,-73.98067966103554,Manhattan
3712,W 35 St & Dyer Ave,40.754691750226016,-73.99740189313889,Manhattan
3714,Division Av & Hooper St,40.70684203101325,-73.9544353965357,Brooklyn
3715,Driggs Ave & N 9 St,40.71816969454208,-73.95520135760307,Brooklyn
3716,40 Ave & Crescent St,40.753599202005596,-73.93795609474182,Queens
3718,E 11 St & Avenue B,40.72746420692392,-73.97950418293476,Manhattan
3720,Wyckoff St & Bond St,40.68461653897949,-73.98721285164356,Brooklyn
3721,31 St & Newtown Ave,40.7675487799971,-73.9209334552288,Queens
3723,Cadman Plaza E & Johnson St,40.695317277669034,-73.99015724658966,Brooklyn
3724,7 Ave & Central Park South,40.7667405590595,-73.9790689945221,Manhattan
3725,2 Ave & E 72 St,40.7687620293096,-73.95840793848038,Manhattan
3726,Center Blvd & 51 Ave,40.743366080270214,-73.95960688591003,Queens
3727,Frost St & Meeker Ave,40.71766197083994,-73.94880026578903,Brooklyn
3728,Pierrepont St & Monroe Pl,40.69535693320225,-73.99344027042389,Brooklyn
3733,Avenue C & E 18 St,40.730563,-73.973984,Manhattan
3734,E 58 St &  1 Ave (NW Corner),40.759125,-73.962658,Manhattan
3737,Stanton St & Norfolk St,40.720747,-73.986274,Manhattan
3745,36 Ave & 31 St,40.75651272984955,-73.92957486212252,Queens
3746,6 Ave & Broome St,40.724308321602166,-74.00473035871983,Manhattan
3749,Lexington Ave & E 36 St,40.747573958954796,-73.9788007736206,Manhattan
3755,DeKalb Ave & Franklin Ave,40.69064807082943,-73.95746178925037,Brooklyn
3756,White St & Moore St,40.704508,-73.9351,Brooklyn
3757,Stagg St & Morgan Ave,40.710681,-73.93372,Brooklyn
3758,George St & Wilson Ave,40.702997,-73.92997,Brooklyn
3759,Irving Ave & Jefferson St,40.70538,-73.92535,Brooklyn
3760,Willoughby Ave & Wyckoff Ave,40.705614,-73.92153,Brooklyn
3761,Cedar St & Myrtle Ave,40.697842,-73.926241,Brooklyn
3762,3 Ave & Carroll St,40.677027,-73.9865,Brooklyn
3763,Wyckoff Av & Jefferson St,40.707165,-73.923711,Brooklyn
3764,Bushwick Ave & McKibbin St,40.705517,-73.93936,Brooklyn
3765,Bushwick Ave & Stagg St,40.709897,-73.94008,Brooklyn
3766,Sharon St & Olive St,40.715353,-73.93856,Brooklyn
3767,Powers St & Olive St,40.71323,-73.93894,Brooklyn
3768,Waterbury St & Stagg St,40.71019,-73.93734,Brooklyn
3769,White St & Johnson Ave,40.707174,-73.93581,Brooklyn
3770,Central Ave & Flushing Ave,40.702831,-73.9333,Brooklyn
3771,McKibbin St & Bogart St,40.706237,-73.933871,Brooklyn
3772,Devoe St & Morgan Ave,40.713811,-73.93515,Brooklyn
3773,Knickerbocker Ave & Thames St,40.70539,-73.92976,Brooklyn
3774,Knickerbocker Ave & George St,40.704425,-73.92836,Brooklyn
3775,Suydam St & Knickerbocker Ave,40.702013,-73.923769,Brooklyn
3776,Central Ave & Starr Street,40.700003,-73.92834,Brooklyn
3777,Stockholm St & Wilson Ave,40.699304,-73.923044,Brooklyn
3778,Irving Ave & DeKalb Ave,40.7027,-73.92095,Brooklyn
3779,Hart St & Wyckoff Ave,40.704876,-73.919911,Brooklyn
3780,Wyckoff Av & Stanhope St,40.703545,-73.917775,Brooklyn
3781,Greene Av & Myrtle Av,40.698568,-73.918877,Brooklyn
3782,Brooklyn Bridge Park - Pier 2,40.698458,-73.997178,Brooklyn
3783,Cliff St & Fulton St,40.70838,-74.00495,Manhattan
3787,Dock 72 Way & Market St,40.69985,-73.97141,Brooklyn
3788,E 12 St & 4 Av,40.73269,-73.98974,Manhattan
3789,Fulton St & Irving Pl,40.68186,-73.959432,Brooklyn
3790,Henry St & Middagh St,40.7003,-73.991581,Brooklyn
3791,Hoboken Ave at Monmouth St,40.73520838045357,-74.04696375131607,JC
3792,Columbus Dr at Exchange Pl,40.71687,-74.03281,JC
3795,10 St & 2 Ave,40.671907,-73.993612,Brooklyn
3798,W 40 St & 5 Ave,40.752269,-73.982079,Manhattan
3799,6 Ave & W 34 St,40.74964,-73.98805,Manhattan
3803,Bedford Ave & Montgomery St,40.665816,-73.956934,Brooklyn
3804,Front St & Jay St,40.702461,-73.986842,Brooklyn
3805,E 80 St & Park Ave,40.776173,-73.959757,Manhattan
3809,W 55 St & 6 Ave,40.763189,-73.978434,Manhattan
3810,Central Park West & W 82 St,40.782593,-73.971211,Manhattan
3811,27 Ave & 3 St,40.77485,-73.9342,Queens
3812,University Pl & E 14 St,40.734814,-73.992085,Manhattan
3815,E 51 St & 2 Ave,40.755293,-73.967641,Manhattan
3816,Metropolitan Ave & Vandervoort Ave,40.71429,-73.93323,Brooklyn
3817,Withers St & Kingsland Ave,40.71773,-73.94051,Brooklyn
3818,Calyer St & Jewel St,40.72984,-73.94839,Brooklyn
3819,Green St & McGuinness Blvd,40.73396,-73.95204,Brooklyn
3820,Willoughby Ave & Myrtle Ave,40.69757,-73.93098,Brooklyn
3821,Evergreen Ave & Noll St,40.70106,-73.93318,Brooklyn
3822,Bushwick Ave & Forrest St,40.70076,-73.93641,Brooklyn
3823,Beaver St & Fayette St,40.70099,-73.93921,Brooklyn
3834,Irving Ave & Halsey St,40.69467,-73.90663,Brooklyn
3836,Bushwick Ave & Linden St,40.69146,-73.92146,Brooklyn
3837,Broadway & Kosciuszko St,40.69329,-73.92852,Brooklyn
3838,Bushwick Ave & Harman St,40.69356,-73.92524,Brooklyn
3839,Putnam Ave & Knickerbocker Ave,40.69545,-73.91164,Brooklyn
3840,Putnam Ave & Wyckoff Ave,40.69811,-73.90904,Brooklyn
3841,Menahan St & Central Ave,40.69543,-73.9196,Brooklyn
3842,Bushwick Ave & Dekalb Ave,40.69502,-73.92825,Brooklyn
3843,Myrtle Ave & Grove St,40.69905,-73.91516,Brooklyn
3844,Myrtle Ave & Linden St,40.69943,-73.91337,Brooklyn
3845,Irving Ave & Harman St,40.70108,-73.9179,Brooklyn
3846,Central Ave & Himrod St,40.69676,-73.92302,Brooklyn
3847,Cedar St & Evergreen Ave,40.69671,-73.92807,Brooklyn
3848,Suydam St & Broadway,40.69544,-73.93223,Brooklyn
3849,Suydam St & St. Nicholas Ave,40.70636,-73.91945,Brooklyn
3850,Jefferson St & Cypress Ave,40.70907,-73.92157,Brooklyn
3851,Metropolitan Ave & Stewart Ave,40.71401,-73.92793,Brooklyn
3852,Stewart Ave & Johnson Ave,40.70869,-73.92587,Brooklyn
3853,Harrison Pl & Porter Ave,40.70686,-73.92851,Brooklyn
3854,Morgan Ave & Maspeth Ave,40.716657,-73.93637,Brooklyn
3855,Frost St & Debevoise Ave,40.71882,-73.93948,Brooklyn
3856,Kingsland Ave & Nassau Ave,40.72577,-73.94173,Brooklyn
3857,Engert Ave & McGuinness Blvd,40.72158,-73.94546,Brooklyn
3858,Kent St & McGuinness Blvd,40.73124,-73.95161,Brooklyn
3860,Wilson Ave & Troutman St,40.70166,-73.92754,Brooklyn
3861,Menahan St & Wyckoff Ave,40.70113,-73.91422,Brooklyn
3862,Linden St & Knickerbocker Ave,40.69714,-73.91566,Brooklyn
3863,Central Ave & Woodbine St,40.69296,-73.91605,Brooklyn
3869,Van Buren St & Broadway,40.692,-73.92617,Brooklyn
3870,Melrose St & Broadway,40.697481,-73.935877,Brooklyn
3881,12 Ave & W 125 St,40.818299,-73.960405,Manhattan
3891,Irving Ave & Palmetto St,40.698,-73.9127,Brooklyn
